id,first_name,last_name,email,gender,ip_address
1,Tome,Gohn,tgohn0@hugedomains.com,Male,54.235.8.114
2,Jarib,Owenson,jowenson1@intel.com,Male,54.133.127.42
3,Niki,Raunds,nraunds2@nps.gov,Female,21.45.57.146
4,Rafferty,Persich,rpersich3@mapy.cz,Male,233.83.4.184
5,Elset,Careswell,ecareswell4@sciencedaily.com,Genderfluid,69.229.85.198
6,Cheston,Brabender,cbrabender5@i2i.jp,Male,168.215.156.113
7,Fionnula,Meddings,fmeddings6@paypal.com,Polygender,2.172.158.236
8,Camella,Swadden,cswadden7@washingtonpost.com,Female,18.96.27.190
9,Korey,Darrington,kdarrington8@sfgate.com,Male,208.224.106.215
10,Donalt,D'Aulby,ddaulby9@istockphoto.com,Male,108.62.73.196