id,first_name,last_name,email,gender,ip_address
1,Kasey,Dulieu,kdulieu0@meetup.com,Female,126.85.83.50
2,Friedrich,Andrez,fandrez1@jimdo.com,Male,47.23.72.31
3,Sheffy,Brandoni,sbrandoni2@scribd.com,Male,218.128.157.61
4,Bil,Rosenfelder,brosenfelder3@macromedia.com,Male,100.12.35.27
5,Gallard,Node,gnode4@umn.edu,Male,234.58.16.27
6,Marlee,McLeese,mmcleese5@vimeo.com,Female,73.247.186.29
7,Auroora,Ingleton,aingleton6@tinypic.com,Genderqueer,148.192.255.177
8,Ignace,Hornung,ihornung7@illinois.edu,Agender,75.108.99.89
9,Milt,Cosans,mcosans8@examiner.com,Male,66.106.53.15
10,Wilmar,Searby,wsearby9@sciencedaily.com,Male,74.161.129.16
11,Stephanie,Rens,srensa@va.gov,Female,12.188.94.143
12,Willabella,Cawcutt,wcawcuttb@flavors.me,Female,145.108.8.173
13,Kirstyn,Inkin,kinkinc@umich.edu,Female,141.176.67.54
14,Natal,Setterington,nsetteringtond@dion.ne.jp,Male,50.81.81.158
15,Chicky,Winks,cwinkse@woothemes.com,Female,203.82.109.255
16,Melloney,Burgon,mburgonf@symantec.com,Female,104.175.93.171
17,Baxter,Roscam,broscamg@themeforest.net,Male,19.42.45.101
18,Gerry,Veazey,gveazeyh@java.com,Female,129.33.145.122
19,Maxwell,Goly,mgolyi@mashable.com,Genderfluid,235.189.165.118
20,Warren,Ogers,wogersj@symantec.com,Male,254.124.126.198
21,Harriet,Sisnett,hsisnettk@blogtalkradio.com,Female,46.185.135.60
22,Kilian,Digby,kdigbyl@prnewswire.com,Male,7.122.243.24
23,Lori,Bayns,lbaynsm@dropbox.com,Female,127.238.149.225
24,Early,Rosenthal,erosenthaln@oaic.gov.au,Male,131.228.196.184
25,Neddie,Crisell,ncrisello@dmoz.org,Male,244.34.8.36
26,Suzie,Yurkevich,syurkevichp@wikispaces.com,Female,190.68.122.234
27,Judah,Gwalter,jgwalterq@forbes.com,Male,137.87.110.63
28,Erena,McKelloch,emckellochr@yellowpages.com,Female,228.128.80.117
29,Carny,Hairon,chairons@blogtalkradio.com,Male,141.104.81.10
30,Aggie,Troucher,atrouchert@cdc.gov,Female,116.51.140.184
31,Stormy,Kisbee,skisbeeu@is.gd,Female,203.161.245.108
32,Sybil,Nott,snottv@yale.edu,Female,203.72.19.60
33,Guy,Maxwaile,gmaxwailew@blogspot.com,Male,27.40.32.220
34,Drusy,Rohmer,drohmerx@prlog.org,Female,123.107.138.43
35,Clerkclaude,Cawley,ccawleyy@ucsd.edu,Male,242.183.72.25
36,Hugo,Bank,hbankz@stanford.edu,Male,153.232.232.178
37,Marne,Woolfitt,mwoolfitt10@google.de,Female,231.112.5.211
38,Loree,Berzen,lberzen11@unicef.org,Female,220.132.64.185
39,Gracie,Klaaassen,gklaaassen12@fema.gov,Female,110.217.178.194
40,Celestia,Michal,cmichal13@addthis.com,Female,191.184.78.21
41,Fitzgerald,Lawranson,flawranson14@stanford.edu,Male,242.154.171.137
42,Isabel,Gothliff,igothliff15@woothemes.com,Polygender,30.92.209.26
43,Caroljean,Scraney,cscraney16@wiley.com,Female,103.88.112.196
44,Timmi,Leathwood,tleathwood17@wikia.com,Female,94.39.164.236
45,Ina,Lamboll,ilamboll18@nyu.edu,Female,42.25.162.145
46,Eydie,Bootman,ebootman19@state.tx.us,Female,50.138.204.7
47,Verine,Roffe,vroffe1a@dion.ne.jp,Female,134.107.240.16
48,Isabelle,Stranaghan,istranaghan1b@bluehost.com,Female,128.191.85.196
49,Bowie,Peel,bpeel1c@creativecommons.org,Male,70.108.97.131
50,Orella,Brozsset,obrozsset1d@amazon.de,Female,164.205.119.183
51,Benedetta,Fairholme,bfairholme1e@who.int,Bigender,66.129.196.133
52,Stanley,Ivakhno,sivakhno1f@yelp.com,Genderqueer,180.15.23.195
53,Ancell,Shelp,ashelp1g@patch.com,Male,68.173.30.135
54,Aileen,Quodling,aquodling1h@dell.com,Female,87.166.92.119
55,Hallie,Ede,hede1i@biblegateway.com,Non-binary,69.250.174.135
56,Augustina,Sent,asent1j@virginia.edu,Female,85.101.110.22
57,Fulton,Fortun,ffortun1k@zimbio.com,Male,250.255.94.42
58,Cozmo,Bugs,cbugs1l@archive.org,Male,210.186.32.249
59,Letty,Bagge,lbagge1m@sina.com.cn,Female,16.124.90.136
60,Ranique,Kitcat,rkitcat1n@cornell.edu,Female,59.3.160.242
61,Pauli,Lorek,plorek1o@gravatar.com,Female,40.121.222.155
62,Emelia,Paute,epaute1p@alibaba.com,Polygender,25.177.132.4
63,Zackariah,Putterill,zputterill1q@so-net.ne.jp,Male,35.175.108.136
64,Rici,McCreery,rmccreery1r@admin.ch,Female,236.12.132.246
65,Janeva,Showler,jshowler1s@soup.io,Female,42.70.95.245
66,Dannie,Gimbrett,dgimbrett1t@theglobeandmail.com,Female,128.44.111.77
67,Nikolas,Pawelec,npawelec1u@rambler.ru,Male,33.240.13.185
68,Candis,Lockyear,clockyear1v@qq.com,Female,81.115.87.175
69,Alexi,Wasielewski,awasielewski1w@redcross.org,Female,108.148.168.200
70,Tally,Lingard,tlingard1x@economist.com,Female,13.87.4.40
71,Bartholemy,Simonnin,bsimonnin1y@mtv.com,Non-binary,95.89.64.45
72,Sophey,Yakovich,syakovich1z@goodreads.com,Female,4.105.1.222
73,Erroll,Kitney,ekitney20@ted.com,Male,14.88.225.16
74,Sinclair,Kellitt,skellitt21@foxnews.com,Male,94.68.50.155
75,Susana,Gwillim,sgwillim22@toplist.cz,Female,111.213.196.135
76,Maddie,Sloyan,msloyan23@skyrock.com,Male,187.189.47.175
77,Christie,Hazart,chazart24@google.ca,Male,25.75.7.142
78,Shay,Flasby,sflasby25@fotki.com,Genderqueer,105.48.50.127
79,Frazer,MacGorman,fmacgorman26@wp.com,Male,108.103.48.180
80,Rayshell,Gilroy,rgilroy27@yellowpages.com,Female,142.0.87.109
81,Elane,Erasmus,eerasmus28@studiopress.com,Female,146.83.100.160
82,Sara,Tathacott,stathacott29@feedburner.com,Female,35.153.27.155
83,Marlowe,Newnham,mnewnham2a@cbc.ca,Genderfluid,197.220.161.2
84,Shell,Arguile,sarguile2b@apache.org,Female,194.0.125.122
85,Jarret,Townshend,jtownshend2c@ed.gov,Polygender,166.68.164.41
86,Brig,Turfitt,bturfitt2d@dailymotion.com,Male,173.180.142.2
87,Roxana,Conrart,rconrart2e@vistaprint.com,Polygender,148.2.254.10
88,Consolata,Ascrofte,cascrofte2f@ow.ly,Female,227.134.38.33
89,Charmaine,Bleyman,cbleyman2g@discovery.com,Female,197.252.17.205
90,Kipp,Moscrop,kmoscrop2h@omniture.com,Male,0.143.206.123
91,Nelson,Tobias,ntobias2i@soup.io,Male,189.203.181.21
92,Elden,Hoyles,ehoyles2j@dedecms.com,Genderfluid,29.214.33.93
93,Kelcie,Fetterplace,kfetterplace2k@uiuc.edu,Female,50.254.171.32
94,Fredrick,Page,fpage2l@dailymotion.com,Male,15.38.32.231
95,Bud,McMonnies,bmcmonnies2m@time.com,Male,6.81.229.239
96,Ange,Hansana,ahansana2n@miibeian.gov.cn,Female,24.83.116.47
97,Cris,Goodbar,cgoodbar2o@google.co.jp,Male,174.99.199.105
98,Fabiano,Marlin,fmarlin2p@sciencedaily.com,Male,126.103.28.75
99,Hussein,Mauchlen,hmauchlen2q@acquirethisname.com,Male,63.126.20.84
100,Fifi,Mackney,fmackney2r@nasa.gov,Female,146.73.118.156